n_clusters,BSS_TSS
75,0.5245717910961366
80,0.5281688716719337
85,0.5307592818788365
90,0.5379984794121001
